Workbook

Sheet Design Basis
A1: SWS — 40 ft High-Cube E-House · SCADA Room — HVAC Design Basis
A2: Legend: blue = input you may change · yellow fill = key assumption to confirm · black = formula · green = link from another sheet
A3: Status: FOR REVIEW — design basis assumptions must be confirmed by SWS Engineering before procurement.
A5: Ref | B5: Parameter | C5: Value | D5: Unit | E5: Source / note
B6: CLIMATE
A7: DB-01 | B7: Outdoor design dry bulb | C7: 50 | D7: °C | E7: Conservative Eastern Province shelter design ambient (ASHRAE 0.4% for Dammam is ≈46 °C). Confirm against project HVAC spec.
A8: DB-02 | B8: Outdoor design humidity ratio | C8: 22 | D8: g/kg | E8: Coastal humid design condition, Dammam (assumed).
A9: DB-03 | B9: Indoor design dry bulb | C9: 24 | D9: °C | E9: Typical for SCADA / control equipment rooms (24 ± 2 °C).
A10: DB-04 | B10: Indoor humidity ratio (≈50 % RH @ 24 °C) | C10: 9.3 | D10: g/kg | E10: Psychrometric value at 24 °C / 50 % RH.
B11: GEOMETRY (from GA drawing SWS-2286 Rev 0)
A12: DB-05 | B12: External length | C12: 12.192 | D12: m | E12: GA sheet 1: 12,192 mm.
A13: DB-06 | B13: External width | C13: 2.438 | D13: m | E13: 40 ft HC container standard width.
A14: DB-07 | B14: External height | C14: 2.894 | D14: m | E14: GA sheet 1: 2,894 mm.
A15: DB-08 | B15: Sandwich panel thickness | C15: 0.05 | D15: m | E15: Insulated wall/roof panel (assumed 50 mm PU).
A16: DB-09 | B16: Internal clear height | C16: 2.55 | D16: m | E16: Assumed after floor build-up and ceiling panel.
B17: ENVELOPE
A18: DB-10 | B18: U-value walls & roof | C18: 0.45 | D18: W/m²K | E18: 50 mm PU sandwich panel incl. surface films (assumed).
A19: DB-11 | B19: U-value floor | C19: 0.6 | D19: W/m²K | E19: Checker plate on insulated floor, shaded by skid (assumed).
A20: DB-12 | B20: Solar allowance — roof | C20: 20 | D20: K | E20: Added to ΔT; light-coloured roof (CLTD-simplified).
A21: DB-13 | B21: Solar allowance — walls | C21: 10 | D21: K | E21: Added to ΔT; light-coloured walls (CLTD-simplified).
A22: DB-14 | B22: Thermal bridging / door allowance | C22: 0.1 | D22: — | E22: Fraction added to envelope gain.
B23: INTERNAL GAINS
A24: DB-15 | B24: Equipment heat dissipation (SCADA panels, UPS, DBs) | C24: 6 | D24: kW | E24: PLACEHOLDER — replace with electrical heat-dissipation list. Dominant load.
A25: DB-16 | B25: Lighting power density | C25: 10 | D25: W/m² | E25: LED lighting.
A26: DB-17 | B26: Occupants (maintenance) | C26: 2 | D26: persons | E26: Intermittent occupancy.
A27: DB-18 | B27: Sensible heat per person | C27: 75 | D27: W | E27: ASHRAE, seated/light work.
A28: DB-19 | B28: Latent heat per person | C28: 55 | D28: W | E28: ASHRAE, seated/light work.
B29: AIR
A30: DB-20 | B30: Fresh air per person | C30: 10 | D30: L/s | E30: Minimum outdoor air for occupants (assumed).
A31: DB-21 | B31: Infiltration | C31: 0.3 | D31: ACH | E31: Tight shelter, positive pressure (assumed).
B32: SELECTION
A33: DB-22 | B33: Safety factor on design load | C33: 0.1 | D33: — | E33: Design margin.
A34: DB-23 | B34: Number of A/C units installed | C34: 3 | D34: units | E34: As built: 3 split A/C units (project scope).
A35: DB-24 | B35: Standby units (redundancy) | C35: 1 | D35: units | E35: N+1: one unit on standby / duty rotation.
A36: DB-25 | B36: Capacity derating at design ambient | C36: 0.8 | D36: — | E36: Fraction of nominal (T1) capacity available at design ambient; use T3 (tropical) rated units. Confirm with manufacturer data.

Sheet Heat Load
A1: Cooling load calculation — SCADA Room (steady-state, design day)
A2: All values in W unless stated. Inputs are linked from the Design Basis sheet (green).
A4: Item | B4: Basis | C4: Quantity | D4: Unit | E4: Sensible (W) | F4: Latent (W)
A5: Design ΔT (outdoor − indoor) | B5: DB-01 − DB-03 | C5: =('Design Basis'!$C$7-'Design Basis'!$C$9) -> 26 | D5: K
A6: Roof area | B6: L × W | C6: ='Design Basis'!$C$12*'Design Basis'!$C$13 -> 29.724096 | D6: m²
A7: Wall area (long + end walls) | B7: 2(L+W) × H | C7: =2*('Design Basis'!$C$12+'Design Basis'!$C$13)*'Design Basis'!$C$14 -> 84.67844 | D7: m²
A8: Floor area (external) | B8: L × W | C8: ='Design Basis'!$C$12*'Design Basis'!$C$13 -> 29.724096 | D8: m²
A9: Internal floor area | B9: (L−2t)(W−2t) | C9: =('Design Basis'!$C$12-2*'Design Basis'!$C$15)*('Design Basis'!$C$13-2*'Design Basis'!$C$15) -> 28.271096 | D9: m²
A10: Internal volume | B10: internal area × clear height | C10: =C9*'Design Basis'!$C$16 -> 72.091295 | D10: m³
A11: Roof conduction + solar | B11: U × A × (ΔT + solar roof) | E11: ='Design Basis'!$C$18*C6*(C5+'Design Basis'!$C$20) -> 615.28879 | F11: 0
A12: Wall conduction + solar | B12: U × A × (ΔT + solar walls) | E12: ='Design Basis'!$C$18*C7*(C5+'Design Basis'!$C$21) -> 1371.7907 | F12: 0
A13: Floor conduction (shaded) | B13: U floor × A × ΔT | E13: ='Design Basis'!$C$19*C8*C5 -> 463.6959 | F13: 0
A14: Thermal bridging / doors | B14: allowance × envelope | E14: ='Design Basis'!$C$22*SUM(E11:E13) -> 245.07754 | F14: 0
A15: Equipment heat dissipation | B15: DB-15 × 1000 | E15: ='Design Basis'!$C$24*1000 -> 6000 | F15: 0
A16: Lighting | B16: LPD × internal area | E16: ='Design Basis'!$C$25*C9 -> 282.71096 | F16: 0
A17: Occupants | B17: n × sensible / latent | E17: ='Design Basis'!$C$26*'Design Basis'!$C$27 -> 150 | F17: ='Design Basis'!$C$26*'Design Basis'!$C$28 -> 110
A18: Fresh air | B18: Q = n × L/s; 1.207·Q·ΔT ; 3.0·Q·Δw | C18: ='Design Basis'!$C$26*'Design Basis'!$C$30 -> 20 | D18: L/s | E18: =1.207*C18*C5 -> 627.64 | F18: =3*C18*('Design Basis'!$C$8-'Design Basis'!$C$10) -> 762
A19: Infiltration | B19: Q = ACH × V / 3.6 | C19: ='Design Basis'!$C$31*C10/3.6 -> 6.0076079 | D19: L/s | E19: =1.207*C19*C5 -> 188.53075 | F19: =3*C19*('Design Basis'!$C$8-'Design Basis'!$C$10) -> 228.88986
A20: Subtotal | E20: =SUM(E11:E19) -> 9944.7347 | F20: =SUM(F11:F19) -> 1100.8899
A21: Safety factor | B21: DB-22 | E21: =E20*'Design Basis'!$C$33 -> 994.47347 | F21: =F20*'Design Basis'!$C$33 -> 110.08899
A22: DESIGN COOLING LOAD | E22: =E20+E21 -> 10939.208 | F22: =F20+F21 -> 1210.9788
A24: Total design load | C24: =(E22+F22)/1000 -> 12.150187 | D24: kW
A25: Total design load | C25: =C24/3.517 -> 3.454702 | D25: TR
A26: Sensible heat ratio | C26: =IFERROR(E22/(E22+F22),0) -> 0.90033249
A27: Equipment share of load | C27: =IFERROR(E15*(1+'Design Basis'!$C$33)/(E22+F22),0) -> 0.54320152
A29: Method: simplified steady-state CLTD approach (ASHRAE Fundamentals). Air constants: sensible 1.207 W/(L/s·K), latent 3.0 W/(L/s·g/kg).

Sheet Unit Selection
A1: A/C unit selection — N+1 redundancy check
A3: Design load to cover | C3: ='Heat Load'!C24 -> 12.150187 | D3: kW
A4: Units installed | C4: ='Design Basis'!$C$34 -> 3
A5: Units running (N = installed − standby) | C5: ='Design Basis'!$C$34-'Design Basis'!$C$35 -> 2
A6: Derating at design ambient | C6: ='Design Basis'!$C$36 -> 0.8
A8: Nominal size (TR) | B8: Nominal capacity (kW) | C8: Capacity at design ambient (kW) | D8: Running units total (kW) | E8: Covers load with 1 standby? | F8: Capacity margin
A9: 1.5 | B9: =A9*3.517 -> 5.2755 | C9: =B9*$C$6 -> 4.2204 | D9: =C9*$C$5 -> 8.4408 | E9: =IF(D9>=$C$3,"YES","NO") -> NO | F9: =IFERROR(D9/$C$3-1,0) -> -0.30529464
A10: 2 | B10: =A10*3.517 -> 7.034 | C10: =B10*$C$6 -> 5.6272 | D10: =C10*$C$5 -> 11.2544 | E10: =IF(D10>=$C$3,"YES","NO") -> NO | F10: =IFERROR(D10/$C$3-1,0) -> -0.073726189
A11: 2.5 | B11: =A11*3.517 -> 8.7925 | C11: =B11*$C$6 -> 7.034 | D11: =C11*$C$5 -> 14.068 | E11: =IF(D11>=$C$3,"YES","NO") -> YES | F11: =IFERROR(D11/$C$3-1,0) -> 0.15784226
A12: 3 | B12: =A12*3.517 -> 10.551 | C12: =B12*$C$6 -> 8.4408 | D12: =C12*$C$5 -> 16.8816 | E12: =IF(D12>=$C$3,"YES","NO") -> YES | F12: =IFERROR(D12/$C$3-1,0) -> 0.38941072
A13: 4 | B13: =A13*3.517 -> 14.068 | C13: =B13*$C$6 -> 11.2544 | D13: =C13*$C$5 -> 22.5088 | E13: =IF(D13>=$C$3,"YES","NO") -> YES | F13: =IFERROR(D13/$C$3-1,0) -> 0.85254762
A15: Selected nominal size per unit | C15: =IFERROR(INDEX(A9:A13,MATCH("YES",E9:E13,0)),"Increase size") -> 2.5
A16: Selected nominal capacity per unit | C16: =IFERROR(C15*3.517,0) -> 8.7925 | D16: kW
A17: Installed capacity, all units running (at design ambient) | C17: =IFERROR(C16*$C$6*$C$4,0) -> 21.102 | D17: kW
A18: Capacity with one unit on standby (at design ambient) | C18: =IFERROR(C16*$C$6*$C$5,0) -> 14.068 | D18: kW
A20: Rule: smallest nominal size whose running units (N) cover the design load at design ambient. Use T3 (tropical) rated, R410A/R32 split units with low-ambient and high-ambient protection.

Sheet Equipment Schedule
A1: HVAC equipment schedule — SCADA Room
A3: Tag | B3: Type | C3: Location (from left end, m) | D3: Nominal size (TR) | E3: Nominal capacity (kW) | F3: Mounting | G3: Notes
A4: AC-01-IDU | B4: Split A/C — indoor unit | C4: 2.83 | D4: ='Unit Selection'!C15 -> 2.5 | E4: ='Unit Selection'!C16 -> 8.7925 | F4: Wall-mounted split indoor unit, high level (≈2.2 m) | G4: Lead/lag rotation; F&G trip on fire alarm
A5: AC-01-ODU | B5: Split A/C — outdoor condensing unit | C5: 2.83 | D5: ='Unit Selection'!C15 -> 2.5 | E5: ='Unit Selection'!C16 -> 8.7925 | F5: External wall bracket, galvanised mesh guard (per GA) | G5: T3 rated; condensate & refrigerant via sealed wall sleeve
A6: AC-02-IDU | B6: Split A/C — indoor unit | C6: 6.21 | D6: ='Unit Selection'!C15 -> 2.5 | E6: ='Unit Selection'!C16 -> 8.7925 | F6: Wall-mounted split indoor unit, high level (≈2.2 m) | G6: Lead/lag rotation; F&G trip on fire alarm
A7: AC-02-ODU | B7: Split A/C — outdoor condensing unit | C7: 6.21 | D7: ='Unit Selection'!C15 -> 2.5 | E7: ='Unit Selection'!C16 -> 8.7925 | F7: External wall bracket, galvanised mesh guard (per GA) | G7: T3 rated; condensate & refrigerant via sealed wall sleeve
A8: AC-03-IDU | B8: Split A/C — indoor unit | C8: 9.43 | D8: ='Unit Selection'!C15 -> 2.5 | E8: ='Unit Selection'!C16 -> 8.7925 | F8: Wall-mounted split indoor unit, high level (≈2.2 m) | G8: Lead/lag rotation; F&G trip on fire alarm
A9: AC-03-ODU | B9: Split A/C — outdoor condensing unit | C9: 9.43 | D9: ='Unit Selection'!C15 -> 2.5 | E9: ='Unit Selection'!C16 -> 8.7925 | F9: External wall bracket, galvanised mesh guard (per GA) | G9: T3 rated; condensate & refrigerant via sealed wall sleeve
A10: CTRL-01 | B10: Lead/lag (duty-standby) controller with room thermostat | F10: Inside, next to entrance door, 1.5 m AFL | G10: Rotates duty unit every 24 h; starts standby on high temperature (28 °C) or unit fault; alarm to SCADA
A12: Unit positions measured from the A/C outdoor openings on GA sheet 1 elevation (SWS-2286 Rev 0); confirm on site.

Sheet Notes & Assumptions
A1: Notes & assumptions
A3: 1. SCOPE: Cooling load and A/C sizing for the 40 ft high-cube SCADA Room E-House (one of three E-Houses in the package).
A4: 2. GEOMETRY from GA drawing SWS-2286 Rev 0 (sheets 1–2), issued 22 Sep 2026.
A5: 3. KEY ASSUMPTIONS (yellow on Design Basis) must be confirmed: outdoor design condition, panel U-values, equipment heat dissipation and unit derating.
A6: 4. EQUIPMENT HEAT DISSIPATION is a placeholder (6.0 kW). It is the dominant load (see Heat Load!C27). Replace with the panel vendor heat-dissipation list.
A7: 5. REDUNDANCY: N+1 — any two units must hold the room at 24 °C at design ambient with one unit failed or on standby.
A8: 6. UNITS: T3 (tropical) rated split units, R410A or R32, epoxy/Blue-fin coated condenser coils for coastal environment, low-ambient kit, auto-restart after power loss.
A9: 7. CONTROLS: lead/lag controller; F&G system trips all A/C units on confirmed fire (per project F&G philosophy); common alarm to SCADA.
A10: 8. CONDENSATE: each IDU drained by gravity (min 1:100 fall) to outside through sealed sleeve, discharged clear of the skid and cable trays.
A11: 9. This workbook is a design-check tool, not a stamped engineering calculation. Status: FOR REVIEW.
